373568, Forest (Version 1)
373615, Forest (Version 2)
373625, Forest (Version 3)
373688, Forest (Version 4)
373558, Island (Version 1)
373595, Island (Version 2)
373723, Island (Version 3)
373736, Island (Version 4)
373546, Mountain (Version 1)
373609, Mountain (Version 2)
373683, Mountain (Version 3)
373746, Mountain (Version 4)
373533, Plains (Version 1)
373582, Plains (Version 2)
373654, Plains (Version 3)
373700, Plains (Version 4)
373567, Swamp (Version 1)
373608, Swamp (Version 2)
373681, Swamp (Version 3)
373706, Swamp (Version 4)