4926, Forest (Version 1) 
4927, Forest (Version 2) 
4928, Forest (Version 3) 
4929, Forest (Version 4) 
4949, Island (Version 1) 
4950, Island (Version 2) 
4951, Island (Version 3) 
4952, Island (Version 4) 
4945, Mountain (Version 1) 
4946, Mountain (Version 2) 
4947, Mountain (Version 3) 
4948, Mountain (Version 4) 
4953, Plains (Version 1) 
4954, Plains (Version 2) 
4955, Plains (Version 3) 
4956, Plains (Version 4) 
4922, Swamp (Version 1) 
4923, Swamp (Version 2) 
4924, Swamp (Version 3) 
4925, Swamp (Version 4) 