21119, Forest (Version 1) 
22347, Forest (Version 2) 
22348, Forest (Version 3) 
22349, Forest (Version 4) 
22351, Forest (Version 5) 
22352, Forest (Version 6) 
22353, Forest (Version 7) 
22354, Forest (Version 8) 
22355, Forest (Version 9) 
21144, Island (Version 1) 
22364, Island (Version 2) 
22365, Island (Version 3) 
22366, Island (Version 4) 
22367, Island (Version 5) 
21118, Mountain (Version 1) 
22334, Mountain (Version 2) 
22335, Mountain (Version 3) 
22336, Mountain (Version 4) 
22339, Mountain (Version 5) 
22340, Mountain (Version 6) 
22342, Mountain (Version 7) 
22343, Mountain (Version 8) 
22344, Mountain (Version 9) 
21145, Plains (Version 1) 
22356, Plains (Version 2) 
22357, Plains (Version 3) 
22358, Plains (Version 4) 
22359, Plains (Version 5) 
22360, Plains (Version 6) 
22361, Plains (Version 7) 
22362, Plains (Version 8) 
22363, Plains (Version 9) 
21171, Swamp (Version 1) 
22368, Swamp (Version 2) 
22369, Swamp (Version 3) 
22370, Swamp (Version 4) 
