4171, Forest (Version 1)
4172, Forest (Version 2)
4173, Forest (Version 3)
4174, Forest (Version 4) 
4199, Island (Version 1)
4200, Island (Version 2)
4201, Island (Version 3)
4202, Island (Version 4)
4195, Mountain (Version 1) 
4196, Mountain (Version 2) 
4197, Mountain (Version 3) 
4198, Mountain (Version 4) 
4203, Plains (Version 1)
4204, Plains (Version 2)
4205, Plains (Version 3)
4206, Plains (Version 4)
4167, Swamp (Version 1)
4168, Swamp (Version 2)
4169, Swamp (Version 3)
4170, Swamp (Version 4)